,link,contry,battingStyle,bowlingStyle,playingRole
Maheesh Theekshana,https://www.espncricinfo.com/cricketers/maheesh-theekshana-1138316,Sri Lanka,Right hand Bat,Right arm Offbreak,Bowler
Dushmantha Chameera,https://www.espncricinfo.com/cricketers/dushmantha-chameera-552152,Sri Lanka,Right hand Bat,Right arm Fast,Bowler
Pramod Madushan,https://www.espncricinfo.com/cricketers/pramod-madushan-826689,Sri Lanka,Right hand Bat,Right arm Medium fast,Bowler
Chamika Karunaratne,https://www.espncricinfo.com/cricketers/chamika-karunaratne-623695,Sri Lanka,Right hand Bat,Right arm Medium fast,Bowling Allrounder
Wanindu Hasaranga de Silva,https://www.espncricinfo.com/cricketers/wanindu-hasaranga-de-silva-784379,Sri Lanka,Right hand Bat,Legbreak,Allrounder
Gerhard Erasmus,https://www.espncricinfo.com/cricketers/gerhard-erasmus-519070,Namibia,Right hand Bat,Right arm Offbreak,Allrounder
David Wiese,https://www.espncricinfo.com/cricketers/david-wiese-221140,Namibia,Right hand Bat,Right arm Medium fast,Allrounder
Bernard Scholtz,https://www.espncricinfo.com/cricketers/bernard-scholtz-330223,Namibia,Right hand Bat,Slow Left arm Orthodox,Bowler
Ben Shikongo,https://www.espncricinfo.com/cricketers/ben-shikongo-1069820,Namibia,Right hand Bat,Right arm Medium fast,Bowler
JJ Smit,https://www.espncricinfo.com/cricketers/jj-smit-553821,Namibia,Right hand Bat,Left arm Medium fast,Bowling Allrounder
Jan Frylinck,https://www.espncricinfo.com/cricketers/jan-frylinck-482478,Namibia,Left hand Bat,Left arm Fast medium,Allrounder
Michael van Lingen,https://www.espncricinfo.com/cricketers/michael-van-lingen-833777,Namibia,Left hand Bat,"Left arm Medium, Slow Left arm Orthodox",Bowling Allrounder
Divan la Cock,https://www.espncricinfo.com/cricketers/divan-la-cock-1178065,Namibia,Right hand Bat,Legbreak,Opening Batter
Jan Nicol Loftie-Eaton,https://www.espncricinfo.com/cricketers/jan-nicol-loftie-eaton-1071473,Namibia,Left hand Bat,"Right arm Medium, Legbreak",Batter
Stephan Baard,https://www.espncricinfo.com/cricketers/stephan-baard-437927,Namibia,Right hand Bat,Right arm Medium fast,Batter
Pathum Nissanka,https://www.espncricinfo.com/cricketers/pathum-nissanka-1028655,Sri Lanka,Right hand Bat,,Top order Batter
Kusal Mendis†,https://www.espncricinfo.com/cricketers/kusal-mendis-629074,Sri Lanka,Right hand Bat,Legbreak,Wicketkeeper Batter
Dhananjaya de Silva,https://www.espncricinfo.com/cricketers/dhananjaya-de-silva-465793,Sri Lanka,Right hand Bat,Right arm Offbreak,Allrounder
Danushka Gunathilaka,https://www.espncricinfo.com/cricketers/danushka-gunathilaka-345821,Sri Lanka,Left hand Bat,Right arm Offbreak,Allrounder
Bhanuka Rajapaksa,https://www.espncricinfo.com/cricketers/bhanuka-rajapaksa-342619,Sri Lanka,Left hand Bat,Right arm Medium,Top order Batter
Dasun Shanaka(c),https://www.espncricinfo.com/cricketers/dasun-shanaka-437316,Sri Lanka,Right hand Bat,Right arm Medium,Allrounder
Fred Klaassen,https://www.espncricinfo.com/cricketers/fred-klaassen-1104703,Netherlands,Right hand Bat,Left arm Fast medium,Bowler
Tim Pringle,https://www.espncricinfo.com/cricketers/tim-pringle-1193548,Netherlands,Right hand Bat,Slow Left arm Orthodox,Allrounder
Logan van Beek,https://www.espncricinfo.com/cricketers/logan-van-beek-440522,Netherlands,Right hand Bat,Right arm Medium fast,Bowler
Bas de Leede,https://www.espncricinfo.com/cricketers/bas-de-leede-1036191,Netherlands,Right hand Bat,Right arm Fast medium,Batting Allrounder
Paul van Meekeren,https://www.espncricinfo.com/cricketers/paul-van-meekeren-348109,Netherlands,Right hand Bat,Right arm Fast medium,Bowler
Roelof van der Merwe,https://www.espncricinfo.com/cricketers/roelof-van-der-merwe-47850,Netherlands,Right hand Bat,Slow Left arm Orthodox,Bowling Allrounder
Junaid Siddique,https://www.espncricinfo.com/cricketers/junaid-siddique-1203754,United Arab Emirates,Right hand Bat,Right arm Medium fast,Bowler
Basil Hameed,https://www.espncricinfo.com/cricketers/basil-hameed-1209110,United Arab Emirates,Right hand Bat,Right arm Offbreak,Middle order Batter
Aayan Afzal Khan,https://www.espncricinfo.com/cricketers/aayan-afzal-khan-1241265,United Arab Emirates,Right hand Bat,Slow Left arm Orthodox,Bowling Allrounder
Karthik Meiyappan,https://www.espncricinfo.com/cricketers/karthik-meiyappan-1058987,United Arab Emirates,Right hand Bat,Legbreak,Bowler
Zahoor Khan,https://www.espncricinfo.com/cricketers/zahoor-khan-384525,United Arab Emirates,Right hand Bat,Right arm Medium fast,Bowler
Zawar Farid,https://www.espncricinfo.com/cricketers/zawar-farid-1196500,United Arab Emirates,Right hand Bat,Right arm Medium,Bowler
Kashif Daud,https://www.espncricinfo.com/cricketers/kashif-daud-229225,United Arab Emirates,Right hand Bat,Right arm Medium fast,Bowling Allrounder
Chirag Suri,https://www.espncricinfo.com/cricketers/chirag-suri-534734,United Arab Emirates,Right hand Bat,"Right arm Offbreak, Legbreak Googly",Opening Batter
Muhammad Waseem,https://www.espncricinfo.com/cricketers/muhammad-waseem-1241277,United Arab Emirates,Right hand Bat,Right arm Medium,Opening Batter
Vriitya Aravind†,https://www.espncricinfo.com/cricketers/vriitya-aravind-1178586,United Arab Emirates,Right hand Bat,,Wicketkeeper
Chundangapoyil Rizwan(c),https://www.espncricinfo.com/cricketers/chundangapoyil-rizwan-474760,United Arab Emirates,Right hand Bat,Legbreak Googly,Middle order Batter
Vikramjit Singh,https://www.espncricinfo.com/cricketers/vikramjit-singh-1153767,Netherlands,Left hand Bat,Right arm Medium fast,Opening Batter
Max O'Dowd,https://www.espncricinfo.com/cricketers/max-o-dowd-643197,Netherlands,Right hand Bat,Right arm Offbreak,Opening Batter
Colin Ackermann,https://www.espncricinfo.com/cricketers/colin-ackermann-379774,Netherlands,Right hand Bat,Right arm Offbreak,Batting Allrounder
Tom Cooper,https://www.espncricinfo.com/cricketers/tom-cooper-219885,Netherlands,Right hand Bat,Right arm Offbreak,Middle order Batter
Scott Edwards(c)†,https://www.espncricinfo.com/cricketers/scott-edwards-1127317,Netherlands,Right hand Bat,,Wicketkeeper Batter
Kyle Mayers,https://www.espncricinfo.com/cricketers/kyle-mayers-348056,West Indies,Left hand Bat,Right arm Medium,Batting Allrounder
Akeal Hosein,https://www.espncricinfo.com/cricketers/akeal-hosein-530812,West Indies,Left hand Bat,Slow Left arm Orthodox,Bowler
Alzarri Joseph,https://www.espncricinfo.com/cricketers/alzarri-joseph-670031,West Indies,Right hand Bat,Right arm Fast,Bowler
Obed McCoy,https://www.espncricinfo.com/cricketers/obed-mccoy-906783,West Indies,Left hand Bat,Left arm Fast medium,Bowler
Jason Holder,https://www.espncricinfo.com/cricketers/jason-holder-391485,West Indies,Right hand Bat,Right arm Medium fast,Bowling Allrounder
Odean Smith,https://www.espncricinfo.com/cricketers/odean-smith-820691,West Indies,Right hand Bat,Right arm Fast medium,Bowling Allrounder
Mark Watt,https://www.espncricinfo.com/cricketers/mark-watt-659081,Scotland,Left hand Bat,Slow Left arm Orthodox,Bowler
Brad Wheal,https://www.espncricinfo.com/cricketers/brad-wheal-807535,Scotland,Right hand Bat,Right arm Fast medium,Bowler
Josh Davey,https://www.espncricinfo.com/cricketers/josh-davey-407265,Scotland,Right hand Bat,Right arm Medium fast,Bowler
Safyaan Sharif,https://www.espncricinfo.com/cricketers/safyaan-sharif-414970,Scotland,Right hand Bat,Right arm Medium fast,Bowler
Michael Leask,https://www.espncricinfo.com/cricketers/michael-leask-414966,Scotland,Right hand Bat,Right arm Offbreak,Allrounder
George Munsey,https://www.espncricinfo.com/cricketers/george-munsey-671805,Scotland,Left hand Bat,Right arm Medium fast,Opening Batter
Michael Jones,https://www.espncricinfo.com/cricketers/michael-jones-1093091,Scotland,Right hand Bat,Right arm Offbreak,Top order Batter
Matthew Cross†,https://www.espncricinfo.com/cricketers/matthew-cross-417268,Scotland,Right hand Bat,,Wicketkeeper Batter
Richie Berrington(c),https://www.espncricinfo.com/cricketers/richie-berrington-25490,Scotland,Right hand Bat,Right arm Medium fast,Top order Batter
Calum MacLeod,https://www.espncricinfo.com/cricketers/calum-macleod-232435,Scotland,Right hand Bat,"Right arm Medium fast, Right arm Offbreak",Top order Batter
Chris Greaves,https://www.espncricinfo.com/cricketers/chris-greaves-873199,Scotland,Right hand Bat,Legbreak,Bowler
Evin Lewis,https://www.espncricinfo.com/cricketers/evin-lewis-431901,West Indies,Left hand Bat,,Opening Batter
Brandon King,https://www.espncricinfo.com/cricketers/brandon-king-670035,West Indies,Right hand Bat,,Top order Batter
Nicholas Pooran(c)†,https://www.espncricinfo.com/cricketers/nicholas-pooran-604302,West Indies,Left hand Bat,Right arm Offbreak,Wicketkeeper Batter
Shamarh Brooks,https://www.espncricinfo.com/cricketers/shamarh-brooks-230555,West Indies,Right hand Bat,Legbreak,Top order Batter
Rovman Powell,https://www.espncricinfo.com/cricketers/rovman-powell-820351,West Indies,Right hand Bat,Right arm Medium fast,Middle order Batter
Josh Little,https://www.espncricinfo.com/cricketers/josh-little-928067,Ireland,Right hand Bat,Left arm Fast medium,Bowler
Mark Adair,https://www.espncricinfo.com/cricketers/mark-adair-526441,Ireland,Right hand Bat,Right arm Fast medium,Bowling Allrounder
Barry McCarthy,https://www.espncricinfo.com/cricketers/barry-mccarthy-348059,Ireland,Right hand Bat,Right arm Fast medium,Bowler
Curtis Campher,https://www.espncricinfo.com/cricketers/curtis-campher-595921,Ireland,Right hand Bat,Right arm Medium fast,Allrounder
Simi Singh,https://www.espncricinfo.com/cricketers/simi-singh-1005257,Ireland,Right hand Bat,"Right arm Offbreak, Legbreak Googly",Bowling Allrounder
Gareth Delany,https://www.espncricinfo.com/cricketers/gareth-delany-1099379,Ireland,Right hand Bat,Legbreak Googly,Batting Allrounder
Richard Ngarava,https://www.espncricinfo.com/cricketers/richard-ngarava-806241,Zimbabwe,Left hand Bat,Left arm Fast medium,Bowler
Tendai Chatara,https://www.espncricinfo.com/cricketers/tendai-chatara-425639,Zimbabwe,Right hand Bat,Right arm Fast medium,Bowler
Blessing Muzarabani,https://www.espncricinfo.com/cricketers/blessing-muzarabani-827051,Zimbabwe,Right hand Bat,Right arm Fast medium,Bowler
Luke Jongwe,https://www.espncricinfo.com/cricketers/luke-jongwe-541224,Zimbabwe,Right hand Bat,Right arm Fast medium,Bowler
Sean Williams,https://www.espncricinfo.com/cricketers/sean-williams-55870,Zimbabwe,Left hand Bat,Slow Left arm Orthodox,Middle order Batter
Sikandar Raza,https://www.espncricinfo.com/cricketers/sikandar-raza-299572,Zimbabwe,Right hand Bat,Right arm Offbreak,Batting Allrounder
Regis Chakabva†,https://www.espncricinfo.com/cricketers/regis-chakabva-293831,Zimbabwe,Right hand Bat,Right arm Offbreak,Wicketkeeper Batter
Craig Ervine(c),https://www.espncricinfo.com/cricketers/craig-ervine-55412,Zimbabwe,Left hand Bat,Right arm Offbreak,Middle order Batter
Wessly Madhevere,https://www.espncricinfo.com/cricketers/wessly-madhevere-938959,Zimbabwe,Right hand Bat,Right arm Offbreak,Allrounder
Milton Shumba,https://www.espncricinfo.com/cricketers/milton-shumba-951781,Zimbabwe,Left hand Bat,Slow Left arm Orthodox,Top order Batter
Ryan Burl,https://www.espncricinfo.com/cricketers/ryan-burl-495964,Zimbabwe,Left hand Bat,Legbreak,Middle order Batter
Paul Stirling,https://www.espncricinfo.com/cricketers/paul-stirling-303427,Ireland,Right hand Bat,Right arm Offbreak,Batting Allrounder
Andy Balbirnie(c),https://www.espncricinfo.com/cricketers/andy-balbirnie-303423,Ireland,Right hand Bat,Right arm Offbreak,Batter
Lorcan Tucker†,https://www.espncricinfo.com/cricketers/lorcan-tucker-928057,Ireland,Right hand Bat,,Wicketkeeper Batter
Harry Tector,https://www.espncricinfo.com/cricketers/harry-tector-961407,Ireland,Right hand Bat,Right arm Offbreak,Middle order Batter
George Dockrell,https://www.espncricinfo.com/cricketers/george-dockrell-348034,Ireland,Right hand Bat,Slow Left arm Orthodox,Allrounder
Timm van der Gugten,https://www.espncricinfo.com/cricketers/timm-van-der-gugten-333782,Netherlands,Right hand Bat,Right arm Fast medium,Bowler
Aryan Lakra,https://www.espncricinfo.com/cricketers/aryan-lakra-1058989,United Arab Emirates,Left hand Bat,Slow Left arm Orthodox,Bowler
Charith Asalanka,https://www.espncricinfo.com/cricketers/charith-asalanka-784367,Sri Lanka,Left hand Bat,Right arm Offbreak,Batting Allrounder
Johnson Charles,https://www.espncricinfo.com/cricketers/johnson-charles-333066,West Indies,Right hand Bat,,Wicketkeeper Batter
Tony Munyonga,https://www.espncricinfo.com/cricketers/tony-munyonga-1122853,Zimbabwe,Right hand Bat,Right arm Offbreak,Allrounder
Lahiru Kumara,https://www.espncricinfo.com/cricketers/lahiru-kumara-784375,Sri Lanka,Left hand Bat,Right arm Fast,Bowler
Binura Fernando,https://www.espncricinfo.com/cricketers/binura-fernando-629080,Sri Lanka,Right hand Bat,Left arm Medium fast,Bowler
Ruben Trumpelmann,https://www.espncricinfo.com/cricketers/ruben-trumpelmann-698317,Namibia,Right hand Bat,Left arm Fast,Bowler
Ahmed Raza,https://www.espncricinfo.com/cricketers/ahmed-raza-245490,United Arab Emirates,Right hand Bat,Slow Left arm Orthodox,Bowler
Alishan Sharafu,https://www.espncricinfo.com/cricketers/alishan-sharafu-1161038,United Arab Emirates,Right hand Bat,Right arm Medium,Opening Batter
Zane Green†,https://www.espncricinfo.com/cricketers/zane-green-596664,Namibia,Left hand Bat,,Wicketkeeper Batter
Mitchell Starc,https://www.espncricinfo.com/cricketers/mitchell-starc-311592,Australia,Left hand Bat,Left arm Fast,Bowler
Josh Hazlewood,https://www.espncricinfo.com/cricketers/josh-hazlewood-288284,Australia,Left hand Bat,Right arm Fast medium,Bowler
Pat Cummins,https://www.espncricinfo.com/cricketers/pat-cummins-489889,Australia,Right hand Bat,Right arm Fast,Bowler
Marcus Stoinis,https://www.espncricinfo.com/cricketers/marcus-stoinis-325012,Australia,Right hand Bat,Right arm Medium,Batting Allrounder
Adam Zampa,https://www.espncricinfo.com/cricketers/adam-zampa-379504,Australia,Right hand Bat,Legbreak Googly,Bowler
Trent Boult,https://www.espncricinfo.com/cricketers/trent-boult-277912,New Zealand,Right hand Bat,Left arm Fast medium,Bowler
Tim Southee,https://www.espncricinfo.com/cricketers/tim-southee-232364,New Zealand,Right hand Bat,Right arm Medium fast,Bowler
Mitchell Santner,https://www.espncricinfo.com/cricketers/mitchell-santner-502714,New Zealand,Left hand Bat,Slow Left arm Orthodox,Bowling Allrounder
Lockie Ferguson,https://www.espncricinfo.com/cricketers/lockie-ferguson-493773,New Zealand,Right hand Bat,Right arm Fast,Bowler
Ish Sodhi,https://www.espncricinfo.com/cricketers/ish-sodhi-559066,New Zealand,Right hand Bat,Legbreak,Bowler
Finn Allen,https://www.espncricinfo.com/cricketers/finn-allen-959759,New Zealand,Right hand Bat,,Top order Batter
Devon Conway†,https://www.espncricinfo.com/cricketers/devon-conway-379140,New Zealand,Left hand Bat,Right arm Medium,Wicketkeeper Batter
Kane Williamson(c),https://www.espncricinfo.com/cricketers/kane-williamson-277906,New Zealand,Right hand Bat,Right arm Offbreak,Top order Batter
Glenn Phillips,https://www.espncricinfo.com/cricketers/glenn-phillips-823509,New Zealand,Right hand Bat,Right arm Offbreak,Wicketkeeper Batter
James Neesham,https://www.espncricinfo.com/cricketers/james-neesham-355269,New Zealand,Left hand Bat,Right arm Medium fast,Batting Allrounder
David Warner,https://www.espncricinfo.com/cricketers/david-warner-219889,Australia,Left hand Bat,Legbreak,Opening Batter
Aaron Finch(c),https://www.espncricinfo.com/cricketers/aaron-finch-5334,Australia,Right hand Bat,Slow Left arm Orthodox,Top order Batter
Mitchell Marsh,https://www.espncricinfo.com/cricketers/mitchell-marsh-272450,Australia,Right hand Bat,Right arm Medium,Allrounder
Glenn Maxwell,https://www.espncricinfo.com/cricketers/glenn-maxwell-325026,Australia,Right hand Bat,Right arm Offbreak,Batting Allrounder
Tim David,https://www.espncricinfo.com/cricketers/tim-david-892749,Australia,Right hand Bat,Right arm Offbreak,Middle order Batter
Matthew Wade†,https://www.espncricinfo.com/cricketers/matthew-wade-230193,Australia,Left hand Bat,Right arm Medium,Wicketkeeper Batter
Ben Stokes,https://www.espncricinfo.com/cricketers/ben-stokes-311158,England,Left hand Bat,Right arm Fast medium,Allrounder
Chris Woakes,https://www.espncricinfo.com/cricketers/chris-woakes-247235,England,Right hand Bat,Right arm Fast medium,Allrounder
Mark Wood,https://www.espncricinfo.com/cricketers/mark-wood-351588,England,Right hand Bat,Right arm Fast,Bowler
Sam Curran,https://www.espncricinfo.com/cricketers/sam-curran-662973,England,Left hand Bat,Left arm Medium fast,Allrounder
Adil Rashid,https://www.espncricinfo.com/cricketers/adil-rashid-244497,England,Right hand Bat,Legbreak,Bowler
Fazalhaq Farooqi,https://www.espncricinfo.com/cricketers/fazalhaq-farooqi-974175,Afghanistan,Right hand Bat,Left arm Fast medium,Bowler
Azmatullah Omarzai,https://www.espncricinfo.com/cricketers/azmatullah-omarzai-819429,Afghanistan,Right hand Bat,Right arm Medium fast,Allrounder
Mujeeb Ur Rahman,https://www.espncricinfo.com/cricketers/mujeeb-ur-rahman-974109,Afghanistan,Right hand Bat,Right arm Offbreak,Bowler
Rashid Khan,https://www.espncricinfo.com/cricketers/rashid-khan-793463,Afghanistan,Right hand Bat,Legbreak Googly,Bowling Allrounder
Fareed Ahmad,https://www.espncricinfo.com/cricketers/fareed-ahmad-568136,Afghanistan,Left hand Bat,Left arm Fast medium,Bowler
Mohammad Nabi,https://www.espncricinfo.com/cricketers/mohammad-nabi-25913,Afghanistan,Right hand Bat,Right arm Offbreak,Allrounder
Hazratullah Zazai,https://www.espncricinfo.com/cricketers/hazratullah-zazai-793457,Afghanistan,Left hand Bat,Slow Left arm Orthodox,Opening Batter
Rahmanullah Gurbaz†,https://www.espncricinfo.com/cricketers/rahmanullah-gurbaz-974087,Afghanistan,Right hand Bat,,Wicketkeeper Batter
Ibrahim Zadran,https://www.espncricinfo.com/cricketers/ibrahim-zadran-921509,Afghanistan,Right hand Bat,Right arm Medium fast,Opening Batter
Usman Ghani,https://www.espncricinfo.com/cricketers/usman-ghani-711559,Afghanistan,Right hand Bat,,Opening Batter
Najibullah Zadran,https://www.espncricinfo.com/cricketers/najibullah-zadran-524049,Afghanistan,Left hand Bat,Right arm Offbreak,Middle order Batter
Jos Buttler(c)†,https://www.espncricinfo.com/cricketers/jos-buttler-308967,England,Right hand Bat,,Wicketkeeper Batter
Alex Hales,https://www.espncricinfo.com/cricketers/alex-hales-249866,England,Right hand Bat,Right arm Medium,Opening Batter
Dawid Malan,https://www.espncricinfo.com/cricketers/dawid-malan-236489,England,Left hand Bat,Legbreak,Top order Batter
Liam Livingstone,https://www.espncricinfo.com/cricketers/liam-livingstone-403902,England,Right hand Bat,"Right arm Offbreak, Legbreak",Batting Allrounder
Harry Brook,https://www.espncricinfo.com/cricketers/harry-brook-911707,England,Right hand Bat,Right arm Medium,Batter
Moeen Ali,https://www.espncricinfo.com/cricketers/moeen-ali-8917,England,Left hand Bat,Right arm Offbreak,Batting Allrounder
Bhuvneshwar Kumar,https://www.espncricinfo.com/cricketers/bhuvneshwar-kumar-326016,India,Right hand Bat,Right arm Medium,Bowler
Arshdeep Singh,https://www.espncricinfo.com/cricketers/arshdeep-singh-1125976,India,Left hand Bat,Left arm Medium fast,Bowler
Mohammed Shami,https://www.espncricinfo.com/cricketers/mohammed-shami-481896,India,Right hand Bat,Right arm Fast,Bowler
Hardik Pandya,https://www.espncricinfo.com/cricketers/hardik-pandya-625371,India,Right hand Bat,Right arm Medium fast,Allrounder
Ravichandran Ashwin,https://www.espncricinfo.com/cricketers/ravichandran-ashwin-26421,India,Right hand Bat,Right arm Offbreak,Bowling Allrounder
Axar Patel,https://www.espncricinfo.com/cricketers/axar-patel-554691,India,Left hand Bat,Slow Left arm Orthodox,Bowling Allrounder
Shaheen Shah Afridi,https://www.espncricinfo.com/cricketers/shaheen-shah-afridi-1072470,Pakistan,Left hand Bat,Left arm Fast,Bowler
Naseem Shah,https://www.espncricinfo.com/cricketers/naseem-shah-1158088,Pakistan,Right hand Bat,Right arm Fast,Bowler
Haris Rauf,https://www.espncricinfo.com/cricketers/haris-rauf-1161606,Pakistan,Right hand Bat,Right arm Fast,Bowler
Shadab Khan,https://www.espncricinfo.com/cricketers/shadab-khan-922943,Pakistan,Right hand Bat,Legbreak,Allrounder
Mohammad Nawaz,https://www.espncricinfo.com/cricketers/mohammad-nawaz-348148,Pakistan,Left hand Bat,Slow Left arm Orthodox,Allrounder
Mohammad Rizwan†,https://www.espncricinfo.com/cricketers/mohammad-rizwan-323389,Pakistan,Right hand Bat,,Wicketkeeper Batter
Babar Azam(c),https://www.espncricinfo.com/cricketers/babar-azam-348144,Pakistan,Right hand Bat,Right arm Offbreak,Batter
Shan Masood,https://www.espncricinfo.com/cricketers/shan-masood-233901,Pakistan,Left hand Bat,Right arm Medium fast,Opening Batter
Iftikhar Ahmed,https://www.espncricinfo.com/cricketers/iftikhar-ahmed-480603,Pakistan,Right hand Bat,Right arm Offbreak,Middle order Batter
Haider Ali,https://www.espncricinfo.com/cricketers/haider-ali-1168651,Pakistan,Right hand Bat,,Middle order Batter
Asif Ali,https://www.espncricinfo.com/cricketers/asif-ali-494230,Pakistan,Right hand Bat,Right arm Offbreak,Middle order Batter
KL Rahul,https://www.espncricinfo.com/cricketers/kl-rahul-422108,India,Right hand Bat,,Wicketkeeper Batter
Rohit Sharma(c),https://www.espncricinfo.com/cricketers/rohit-sharma-34102,India,Right hand Bat,Right arm Offbreak,Top order Batter
Virat Kohli,https://www.espncricinfo.com/cricketers/virat-kohli-253802,India,Right hand Bat,Right arm Medium,Top order Batter
Suryakumar Yadav,https://www.espncricinfo.com/cricketers/suryakumar-yadav-446507,India,Right hand Bat,"Right arm Medium, Right arm Offbreak",Batter
Dinesh Karthik†,https://www.espncricinfo.com/cricketers/dinesh-karthik-30045,India,Right hand Bat,Right arm Offbreak,Wicketkeeper Batter
Shariz Ahmad,https://www.espncricinfo.com/cricketers/shariz-ahmad-1278252,Netherlands,Left hand Bat,Legbreak Googly,Bowler
Taskin Ahmed,https://www.espncricinfo.com/cricketers/taskin-ahmed-538506,Bangladesh,Left hand Bat,Right arm Fast,Bowler
Hasan Mahmud,https://www.espncricinfo.com/cricketers/hasan-mahmud-926629,Bangladesh,Right hand Bat,Right arm Fast medium,Bowler
Shakib Al Hasan,https://www.espncricinfo.com/cricketers/shakib-al-hasan-56143,Bangladesh,Left hand Bat,Slow Left arm Orthodox,Allrounder
Mustafizur Rahman,https://www.espncricinfo.com/cricketers/mustafizur-rahman-330902,Bangladesh,Left hand Bat,Left arm Fast medium,Bowler
Soumya Sarkar,https://www.espncricinfo.com/cricketers/soumya-sarkar-436677,Bangladesh,Left hand Bat,Right arm Medium fast,Middle order Batter
Mosaddek Hossain,https://www.espncricinfo.com/cricketers/mosaddek-hossain-550133,Bangladesh,Right hand Bat,Right arm Offbreak,Middle order Batter
Najmul Hossain Shanto,https://www.espncricinfo.com/cricketers/najmul-hossain-shanto-629058,Bangladesh,Left hand Bat,Right arm Offbreak,Top order Batter
Litton Das,https://www.espncricinfo.com/cricketers/litton-das-536936,Bangladesh,Right hand Bat,Right arm Offbreak,Wicketkeeper Batter
Afif Hossain,https://www.espncricinfo.com/cricketers/afif-hossain-935995,Bangladesh,Left hand Bat,Right arm Offbreak,Allrounder
Yasir Ali,https://www.espncricinfo.com/cricketers/yasir-ali-629059,Bangladesh,Right hand Bat,Right arm Offbreak,Middle order Batter
Nurul Hasan†,https://www.espncricinfo.com/cricketers/nurul-hasan-410765,Bangladesh,Right hand Bat,,Wicketkeeper Batter
Kagiso Rabada,https://www.espncricinfo.com/cricketers/kagiso-rabada-550215,South Africa,Left hand Bat,Right arm Fast,Bowler
Wayne Parnell,https://www.espncricinfo.com/cricketers/wayne-parnell-265564,South Africa,Left hand Bat,Left arm Medium fast,Bowler
Lungi Ngidi,https://www.espncricinfo.com/cricketers/lungi-ngidi-542023,South Africa,Right hand Bat,Right arm Fast medium,Bowler
Keshav Maharaj,https://www.espncricinfo.com/cricketers/keshav-maharaj-267724,South Africa,Right hand Bat,Slow Left arm Orthodox,Bowler
Anrich Nortje,https://www.espncricinfo.com/cricketers/anrich-nortje-481979,South Africa,Right hand Bat,Right arm Fast,Bowler
Quinton de Kock†,https://www.espncricinfo.com/cricketers/quinton-de-kock-379143,South Africa,Left hand Bat,,Wicketkeeper Batter
Temba Bavuma(c),https://www.espncricinfo.com/cricketers/temba-bavuma-372116,South Africa,Right hand Bat,Right arm Medium,Middle order Batter
Ashton Agar,https://www.espncricinfo.com/cricketers/ashton-agar-505120,Australia,Left hand Bat,Slow Left arm Orthodox,Bowler
Fionn Hand,https://www.espncricinfo.com/cricketers/fionn-hand-1099225,Ireland,Right hand Bat,Right arm Medium,Bowling Allrounder
Mehidy Hasan Miraz,https://www.espncricinfo.com/cricketers/mehidy-hasan-miraz-629063,Bangladesh,Right hand Bat,Right arm Offbreak,Allrounder
Tabraiz Shamsi,https://www.espncricinfo.com/cricketers/tabraiz-shamsi-379145,South Africa,Right hand Bat,Left arm Wrist spin,Bowler
Rilee Rossouw,https://www.espncricinfo.com/cricketers/rilee-rossouw-318845,South Africa,Left hand Bat,Right arm Offbreak,Top order Batter
Tristan Stubbs,https://www.espncricinfo.com/cricketers/tristan-stubbs-595978,South Africa,Right hand Bat,Right arm Offbreak,Wicketkeeper Batter
Aiden Markram,https://www.espncricinfo.com/cricketers/aiden-markram-600498,South Africa,Right hand Bat,Right arm Offbreak,Opening Batter
David Miller,https://www.espncricinfo.com/cricketers/david-miller-321777,South Africa,Left hand Bat,Right arm Offbreak,Middle order Batter
Mohammad Wasim,https://www.espncricinfo.com/cricketers/mohammad-wasim-1185538,Pakistan,Right hand Bat,Right arm Fast medium,Allrounder
Brad Evans,https://www.espncricinfo.com/cricketers/brad-evans-696127,Zimbabwe,Right hand Bat,Right arm Fast,Allrounder
Kasun Rajitha,https://www.espncricinfo.com/cricketers/kasun-rajitha-499594,Sri Lanka,Right hand Bat,Right arm Medium fast,Bowler
Daryl Mitchell,https://www.espncricinfo.com/cricketers/daryl-mitchell-381743,New Zealand,Right hand Bat,Right arm Medium,Allrounder
Brandon Glover,https://www.espncricinfo.com/cricketers/brandon-glover-595419,Netherlands,Right hand Bat,Right arm Fast,Bowler
Stephan Myburgh,https://www.espncricinfo.com/cricketers/stephan-myburgh-233712,Netherlands,Left hand Bat,Right arm Offbreak,Opening Batter
Fakhar Zaman,https://www.espncricinfo.com/cricketers/fakhar-zaman-512191,Pakistan,Left hand Bat,Slow Left arm Orthodox,Opening Batter
Deepak Hooda,https://www.espncricinfo.com/cricketers/deepak-hooda-497121,India,Right hand Bat,Right arm Offbreak,Allrounder
Gulbadin Naib,https://www.espncricinfo.com/cricketers/gulbadin-naib-352048,Afghanistan,Right hand Bat,Right arm Medium fast,Batting Allrounder
Shoriful Islam,https://www.espncricinfo.com/cricketers/shoriful-islam-990039,Bangladesh,Left hand Bat,Left arm Medium fast,Bowler
Mohammad Haris,https://www.espncricinfo.com/cricketers/mohammad-haris-1205559,Pakistan,Right hand Bat,Right arm Offbreak,Middle order Batter
Heinrich Klaasen,https://www.espncricinfo.com/cricketers/heinrich-klaasen-436757,South Africa,Right hand Bat,Right arm Offbreak,Wicketkeeper Batter
Naveen-ul-Haq,https://www.espncricinfo.com/cricketers/naveen-ul-haq-793447,Afghanistan,Right hand Bat,Right arm Medium fast,Bowler
Kane Richardson,https://www.espncricinfo.com/cricketers/kane-richardson-272262,Australia,Right hand Bat,Right arm Fast medium,Bowler
Cameron Green,https://www.espncricinfo.com/cricketers/cameron-green-1076713,Australia,Right hand Bat,Right arm Fast medium,Batting Allrounder
Steven Smith,https://www.espncricinfo.com/cricketers/steven-smith-267192,Australia,Right hand Bat,Legbreak Googly,Middle order Batter
Darwish Rasooli,https://www.espncricinfo.com/cricketers/darwish-rasooli-819441,Afghanistan,Right hand Bat,Right arm Offbreak,Top order Batter
Nasum Ahmed,https://www.espncricinfo.com/cricketers/nasum-ahmed-348049,Bangladesh,Left hand Bat,Slow Left arm Orthodox,Bowler
Ebadot Hossain,https://www.espncricinfo.com/cricketers/ebadot-hossain-932355,Bangladesh,Right hand Bat,Right arm Fast medium,Bowler
Wellington Masakadza,https://www.espncricinfo.com/cricketers/wellington-masakadza-571703,Zimbabwe,Left hand Bat,Slow Left arm Orthodox,Bowler
Rishabh Pant†,https://www.espncricinfo.com/cricketers/rishabh-pant-931581,India,Left hand Bat,,Wicketkeeper Batter
Chris Jordan,https://www.espncricinfo.com/cricketers/chris-jordan-288992,England,Right hand Bat,Right arm Fast medium,Bowler
Phil Salt,https://www.espncricinfo.com/cricketers/phil-salt-669365,England,Right hand Bat,Right arm Offbreak,Wicketkeeper Batter
