name,contry,battingStyle,bowlingStyle,playingRole,indivisual_runs,total_balls,innings,dissmissals,fours,sixes,bat_pos,batting_Avg,str_rate,boundry%,avg_balls,innings_bowled,bow_economy,balls_bowled,wickets,Bow_strike_rate,runs_consided,bow_avg,dots,dot_ball_%,maidens,avg_ball_faced
Maheesh Theekshana,Sri Lanka,Right hand Bat,Right arm Offbreak,Bowler,11.0,14.0,2.0,1.0,0.0,1.0,10.0,11.0,78.6,54.5,5.0,8.0,6.67375,181.0,9.0,20.1,202.0,22.4,71.0,39.2,0.0,7.0
Dushmantha Chameera,Sri Lanka,Right hand Bat,Right arm Fast,Bowler,9.0,16.0,2.0,1.0,0.0,0.0,10.0,9.0,56.2,0.0,8.0,2.0,6.83,47.0,4.0,11.8,54.0,13.5,22.0,46.8,0.0,8.0
Pramod Madushan,Sri Lanka,Right hand Bat,Right arm Medium fast,Bowler,1.0,1.0,1.0,1.0,0.0,0.0,9.0,1.0,100.0,0.0,0.0,3.0,7.303333333333334,60.0,3.0,20.0,75.0,25.0,25.0,41.7,0.0,1.0
Chamika Karunaratne,Sri Lanka,Right hand Bat,Right arm Medium fast,Bowling Allrounder,32.0,38.0,6.0,4.0,3.0,0.0,8.0,8.0,84.2,37.5,6.0,6.0,7.79,108.0,3.0,36.0,144.0,48.0,36.0,33.3,0.0,6.3
Wanindu Hasaranga de Silva,Sri Lanka,Right hand Bat,Legbreak,Allrounder,25.0,34.0,6.0,5.0,2.0,0.0,7.0,5.0,73.5,32.0,6.0,8.0,6.77,186.0,15.0,12.4,199.0,13.3,74.0,39.8,1.0,5.7
Gerhard Erasmus,Namibia,Right hand Bat,Right arm Offbreak,Allrounder,52.0,60.0,3.0,3.0,2.0,0.0,5.0,17.3,86.7,15.4,20.0,2.0,6.165,24.0,0.0,inf,21.0,inf,9.0,37.5,0.0,20.0
David Wiese,Namibia,Right hand Bat,Right arm Medium fast,Allrounder,66.0,42.0,3.0,2.0,4.0,3.0,7.0,33.0,157.1,51.5,14.0,3.0,6.516666666666667,63.0,3.0,21.0,65.0,21.7,29.0,46.0,0.0,14.0
Bernard Scholtz,Namibia,Right hand Bat,Slow Left arm Orthodox,Bowler,1.0,1.0,1.0,0.0,0.0,0.0,10.0,inf,100.0,0.0,1.0,3.0,5.083333333333333,72.0,4.0,18.0,61.0,15.2,31.0,43.1,0.0,1.0
Ben Shikongo,Namibia,Right hand Bat,Right arm Medium fast,Bowler,,,,,,,,,,,,3.0,11.11,30.0,3.0,10.0,48.0,16.0,8.0,26.7,1.0,
JJ Smit,Namibia,Right hand Bat,Left arm Medium fast,Bowling Allrounder,39.0,23.0,3.0,1.0,3.0,2.0,7.0,39.0,169.6,61.5,8.0,3.0,7.026666666666666,66.0,3.0,22.0,79.0,26.3,27.0,40.9,0.0,7.7
Jan Frylinck,Namibia,Left hand Bat,Left arm Fast medium,Allrounder,101.0,93.0,3.0,3.0,6.0,1.0,5.0,33.7,108.6,29.7,31.0,3.0,6.833333333333333,66.0,3.0,22.0,72.0,24.0,24.0,36.4,1.0,31.0
Michael van Lingen,Namibia,Left hand Bat,"Left arm Medium, Slow Left arm Orthodox",Bowling Allrounder,33.0,33.0,3.0,3.0,4.0,0.0,1.0,11.0,100.0,48.5,11.0,,,,,,,,,,,11.0
Divan la Cock,Namibia,Right hand Bat,Legbreak,Opening Batter,9.0,11.0,2.0,2.0,1.0,0.0,2.0,4.5,81.8,44.4,6.0,,,,,,,,,,,5.5
Jan Nicol Loftie-Eaton,Namibia,Left hand Bat,"Right arm Medium, Legbreak",Batter,21.0,20.0,3.0,3.0,1.0,2.0,3.0,7.0,105.0,76.2,7.0,1.0,8.0,6.0,0.0,inf,8.0,inf,2.0,33.3,0.0,6.7
Stephan Baard,Namibia,Right hand Bat,Right arm Medium fast,Batter,49.0,52.0,3.0,3.0,3.0,0.0,3.0,16.3,94.2,24.5,17.0,,,,,,,,,,,17.3
Pathum Nissanka,Sri Lanka,Right hand Bat,,Top order Batter,214.0,196.0,7.0,7.0,13.0,8.0,1.0,30.6,109.2,46.7,28.0,,,,,,,,,,,28.0
Kusal Mendis,Sri Lanka,Right hand Bat,Legbreak,Wicketkeeper Batter,223.0,156.0,8.0,7.0,17.0,10.0,2.0,31.9,142.9,57.4,20.0,,,,,,,,,,,19.5
Dhananjaya de Silva,Sri Lanka,Right hand Bat,Right arm Offbreak,Allrounder,177.0,137.0,8.0,7.0,15.0,4.0,3.0,25.3,129.2,47.5,17.0,6.0,6.966666666666666,73.0,6.0,12.2,83.0,13.8,20.0,27.4,0.0,17.1
Danushka Gunathilaka,Sri Lanka,Left hand Bat,Right arm Offbreak,Allrounder,0.0,1.0,1.0,1.0,0.0,0.0,4.0,0.0,0.0,,1.0,,,,,,,,,,,1.0
Bhanuka Rajapaksa,Sri Lanka,Left hand Bat,Right arm Medium,Top order Batter,125.0,105.0,7.0,7.0,14.0,2.0,5.0,17.9,119.0,54.4,15.0,,,,,,,,,,,15.0
Dasun Shanaka,Sri Lanka,Right hand Bat,Right arm Medium,Allrounder,78.0,74.0,6.0,6.0,6.0,3.0,6.0,13.0,105.4,53.8,11.0,3.0,7.666666666666667,19.0,1.0,19.0,24.0,24.0,8.0,42.1,0.0,12.3
Fred Klaassen,Netherlands,Right hand Bat,Left arm Fast medium,Bowler,10.0,11.0,4.0,3.0,0.0,0.0,10.0,3.3,90.9,0.0,3.0,8.0,6.395,180.0,8.0,22.5,191.0,23.9,93.0,51.7,0.0,2.8
Tim Pringle,Netherlands,Right hand Bat,Slow Left arm Orthodox,Allrounder,51.0,58.0,6.0,5.0,1.0,1.0,7.0,10.2,87.9,19.6,10.0,6.0,6.68,102.0,3.0,34.0,102.0,34.0,38.0,37.3,0.0,9.7
Logan van Beek,Netherlands,Right hand Bat,Right arm Medium fast,Bowler,15.0,23.0,4.0,2.0,0.0,0.0,8.0,7.5,65.2,0.0,6.0,6.0,7.364999999999999,98.0,3.0,32.7,125.0,41.7,32.0,32.7,0.0,5.8
Bas de Leede,Netherlands,Right hand Bat,Right arm Fast medium,Batting Allrounder,93.0,117.0,8.0,6.0,7.0,1.0,4.0,15.5,79.5,36.6,15.0,7.0,7.878571428571428,132.0,13.0,10.2,169.0,13.0,50.0,37.9,0.0,14.6
Paul van Meekeren,Netherlands,Right hand Bat,Right arm Fast medium,Bowler,45.0,27.0,3.0,3.0,6.0,1.0,11.0,15.0,166.7,66.7,7.0,8.0,6.53125,186.0,11.0,16.9,198.0,18.0,85.0,45.7,0.0,9.0
Roelof van der Merwe,Netherlands,Right hand Bat,Slow Left arm Orthodox,Bowling Allrounder,5.0,12.0,4.0,2.0,0.0,0.0,8.0,2.5,41.7,0.0,3.0,6.0,7.026666666666666,66.0,2.0,33.0,75.0,37.5,23.0,34.8,0.0,3.0
Junaid Siddique,United Arab Emirates,Right hand Bat,Right arm Medium fast,Bowler,18.0,17.0,2.0,1.0,1.0,1.0,10.0,18.0,105.9,55.6,8.0,3.0,7.916666666666667,72.0,4.0,18.0,95.0,23.8,26.0,36.1,0.0,8.5
Basil Hameed,United Arab Emirates,Right hand Bat,Right arm Offbreak,Middle order Batter,31.0,24.0,3.0,2.0,3.0,2.0,6.0,15.5,129.2,77.4,8.0,3.0,8.553333333333333,30.0,3.0,10.0,37.0,12.3,15.0,50.0,0.0,8.0
Aayan Afzal Khan,United Arab Emirates,Right hand Bat,Slow Left arm Orthodox,Bowling Allrounder,24.0,28.0,2.0,2.0,1.0,0.0,8.0,12.0,85.7,16.7,14.0,3.0,4.61,48.0,2.0,24.0,38.0,19.0,20.0,41.7,0.0,14.0
Karthik Meiyappan,United Arab Emirates,Right hand Bat,Legbreak,Bowler,4.0,8.0,1.0,1.0,0.0,0.0,9.0,4.0,50.0,0.0,4.0,3.0,6.25,72.0,5.0,14.4,75.0,15.0,31.0,43.1,0.0,8.0
Zahoor Khan,United Arab Emirates,Right hand Bat,Right arm Medium fast,Bowler,1.0,1.0,1.0,0.0,0.0,0.0,11.0,inf,100.0,0.0,1.0,3.0,4.75,72.0,5.0,14.4,57.0,11.4,39.0,54.2,0.0,1.0
Zawar Farid,United Arab Emirates,Right hand Bat,Right arm Medium,Bowler,2.0,4.0,1.0,1.0,0.0,0.0,5.0,2.0,50.0,0.0,4.0,1.0,8.47,17.0,0.0,inf,24.0,inf,2.0,11.8,0.0,4.0
Kashif Daud,United Arab Emirates,Right hand Bat,Right arm Medium fast,Bowling Allrounder,15.0,18.0,2.0,2.0,0.0,1.0,6.0,7.5,83.3,40.0,9.0,2.0,9.5,12.0,0.0,inf,19.0,inf,1.0,8.3,0.0,9.0
Chirag Suri,United Arab Emirates,Right hand Bat,"Right arm Offbreak, Legbreak Googly",Opening Batter,26.0,39.0,2.0,2.0,4.0,0.0,2.0,13.0,66.7,61.5,20.0,,,,,,,,,,,19.5
Muhammad Waseem,United Arab Emirates,Right hand Bat,Right arm Medium,Opening Batter,93.0,92.0,3.0,3.0,2.0,5.0,1.0,31.0,101.1,40.9,31.0,1.0,8.0,12.0,1.0,12.0,16.0,16.0,3.0,25.0,0.0,30.7
Vriitya Aravind,United Arab Emirates,Right hand Bat,,Wicketkeeper,48.0,71.0,3.0,3.0,3.0,0.0,4.0,16.0,67.6,25.0,24.0,,,,,,,,,,,23.7
Chundangapoyil Rizwan,United Arab Emirates,Right hand Bat,Legbreak Googly,Middle order Batter,45.0,34.0,3.0,2.0,3.0,1.0,5.0,22.5,132.4,40.0,11.0,,,,,,,,,,,11.3
Vikramjit Singh,Netherlands,Left hand Bat,Right arm Medium fast,Opening Batter,57.0,62.0,5.0,5.0,5.0,2.0,1.0,11.4,91.9,56.1,12.0,,,,,,,,,,,12.4
Max O'Dowd,Netherlands,Right hand Bat,Right arm Offbreak,Opening Batter,242.0,215.0,8.0,7.0,22.0,8.0,2.0,34.6,112.6,56.2,27.0,,,,,,,,,,,26.9
Colin Ackermann,Netherlands,Right hand Bat,Right arm Offbreak,Batting Allrounder,165.0,149.0,8.0,7.0,13.0,4.0,4.0,23.6,110.7,46.1,19.0,3.0,4.996666666666667,42.0,1.0,42.0,37.0,37.0,16.0,38.1,0.0,18.6
Tom Cooper,Netherlands,Right hand Bat,Right arm Offbreak,Middle order Batter,107.0,103.0,7.0,8.0,7.0,3.0,4.0,13.4,103.9,43.0,13.0,,,,,,,,,,,14.7
Scott Edwards,Netherlands,Right hand Bat,,Wicketkeeper Batter,91.0,104.0,8.0,6.0,8.0,0.0,6.0,15.2,87.5,35.2,13.0,,,,,,,,,,,13.0
Kyle Mayers,West Indies,Left hand Bat,Right arm Medium,Batting Allrounder,34.0,30.0,3.0,3.0,5.0,1.0,1.0,11.3,113.3,76.5,10.0,2.0,14.5,18.0,0.0,inf,41.0,inf,8.0,44.4,0.0,10.0
Akeal Hosein,West Indies,Left hand Bat,Slow Left arm Orthodox,Bowler,24.0,19.0,2.0,1.0,2.0,0.0,8.0,24.0,126.3,33.3,10.0,3.0,7.833333333333333,72.0,2.0,36.0,94.0,47.0,25.0,34.7,0.0,9.5
Alzarri Joseph,West Indies,Right hand Bat,Right arm Fast,Bowler,0.0,1.0,1.0,1.0,0.0,0.0,9.0,0.0,0.0,,1.0,3.0,6.916666666666667,72.0,6.0,12.0,83.0,13.8,34.0,47.2,0.0,1.0
Obed McCoy,West Indies,Left hand Bat,Left arm Fast medium,Bowler,2.0,3.0,1.0,0.0,0.0,0.0,11.0,inf,66.7,0.0,3.0,3.0,7.456666666666667,57.0,1.0,57.0,71.0,71.0,26.0,45.6,0.0,3.0
Jason Holder,West Indies,Right hand Bat,Right arm Medium fast,Bowling Allrounder,42.0,36.0,2.0,2.0,4.0,1.0,7.0,21.0,116.7,52.4,18.0,3.0,4.67,62.0,5.0,12.4,49.0,9.8,27.0,43.5,0.0,18.0
Odean Smith,West Indies,Right hand Bat,Right arm Fast medium,Bowling Allrounder,25.0,22.0,3.0,1.0,1.0,2.0,9.0,25.0,113.6,64.0,7.0,3.0,9.86,54.0,2.0,27.0,85.0,42.5,18.0,33.3,0.0,7.3
Mark Watt,Scotland,Left hand Bat,Slow Left arm Orthodox,Bowler,,,,,,,,,,,,3.0,5.833333333333333,72.0,5.0,14.4,70.0,14.0,35.0,48.6,0.0,
Brad Wheal,Scotland,Right hand Bat,Right arm Fast medium,Bowler,,,,,,,,,,,,3.0,6.916666666666667,72.0,4.0,18.0,83.0,20.8,33.0,45.8,0.0,
Josh Davey,Scotland,Right hand Bat,Right arm Medium fast,Bowler,4.0,3.0,1.0,0.0,0.0,0.0,8.0,inf,133.3,0.0,3.0,3.0,9.386666666666667,60.0,3.0,20.0,96.0,32.0,21.0,35.0,0.0,3.0
Safyaan Sharif,Scotland,Right hand Bat,Right arm Medium fast,Bowler,,,,,,,,,,,,3.0,8.81,54.0,2.0,27.0,78.0,39.0,14.0,25.9,0.0,
Michael Leask,Scotland,Right hand Bat,Right arm Offbreak,Allrounder,33.0,28.0,3.0,2.0,4.0,0.0,6.0,16.5,117.9,48.5,9.0,3.0,6.916666666666667,60.0,4.0,15.0,67.0,16.8,17.0,28.3,0.0,9.3
George Munsey,Scotland,Left hand Bat,Right arm Medium fast,Opening Batter,121.0,106.0,3.0,2.0,16.0,0.0,1.0,60.5,114.2,52.9,35.0,,,,,,,,,,,35.3
Michael Jones,Scotland,Right hand Bat,Right arm Offbreak,Top order Batter,110.0,77.0,3.0,3.0,10.0,4.0,2.0,36.7,142.9,58.2,26.0,,,,,,,,,,,25.7
Matthew Cross,Scotland,Right hand Bat,,Wicketkeeper Batter,32.0,33.0,3.0,3.0,5.0,0.0,3.0,10.7,97.0,62.5,11.0,,,,,,,,,,,11.0
Richie Berrington,Scotland,Right hand Bat,Right arm Medium fast,Top order Batter,66.0,56.0,3.0,3.0,3.0,2.0,4.0,22.0,117.9,36.4,19.0,,,,,,,,,,,18.7
Calum MacLeod,Scotland,Right hand Bat,"Right arm Medium fast, Right arm Offbreak",Top order Batter,48.0,43.0,3.0,3.0,5.0,0.0,5.0,16.0,111.6,41.7,14.0,1.0,11.0,6.0,0.0,inf,11.0,inf,0.0,0.0,0.0,14.3
Chris Greaves,Scotland,Right hand Bat,Legbreak,Bowler,19.0,18.0,2.0,0.0,2.0,0.0,7.0,inf,105.6,42.1,9.0,1.0,9.0,12.0,0.0,inf,18.0,inf,1.0,8.3,0.0,9.0
Evin Lewis,West Indies,Left hand Bat,,Opening Batter,42.0,49.0,3.0,3.0,2.0,1.0,3.0,14.0,85.7,33.3,16.0,,,,,,,,,,,16.3
Brandon King,West Indies,Right hand Bat,,Top order Batter,79.0,63.0,2.0,1.0,9.0,1.0,4.0,79.0,125.4,53.2,32.0,,,,,,,,,,,31.5
Nicholas Pooran,West Indies,Left hand Bat,Right arm Offbreak,Wicketkeeper Batter,25.0,29.0,3.0,3.0,0.0,1.0,4.0,8.3,86.2,24.0,10.0,,,,,,,,,,,9.7
Shamarh Brooks,West Indies,Right hand Bat,Legbreak,Top order Batter,4.0,12.0,2.0,2.0,0.0,0.0,6.0,2.0,33.3,0.0,6.0,,,,,,,,,,,6.0
Rovman Powell,West Indies,Right hand Bat,Right arm Medium fast,Middle order Batter,39.0,35.0,3.0,3.0,2.0,2.0,6.0,13.0,111.4,51.3,12.0,,,,,,,,,,,11.7
Josh Little,Ireland,Right hand Bat,Left arm Fast medium,Bowler,16.0,21.0,4.0,2.0,1.0,1.0,11.0,8.0,76.2,62.5,5.0,7.0,6.9399999999999995,162.0,11.0,14.7,189.0,17.2,68.0,42.0,0.0,5.2
Mark Adair,Ireland,Right hand Bat,Right arm Fast medium,Bowling Allrounder,28.0,31.0,5.0,5.0,1.0,1.0,8.0,5.6,90.3,35.7,6.0,7.0,8.5,144.0,4.0,36.0,212.0,53.0,52.0,36.1,0.0,6.2
Barry McCarthy,Ireland,Right hand Bat,Right arm Fast medium,Bowler,36.0,33.0,5.0,2.0,1.0,2.0,10.0,18.0,109.1,44.4,7.0,7.0,8.915714285714285,150.0,5.0,30.0,227.0,45.4,46.0,30.7,0.0,6.6
Curtis Campher,Ireland,Right hand Bat,Right arm Medium fast,Allrounder,126.0,77.0,6.0,5.0,12.0,2.0,5.0,25.2,163.6,47.6,13.0,4.0,9.04,48.0,2.0,24.0,74.0,37.0,17.0,35.4,0.0,12.8
Simi Singh,Ireland,Right hand Bat,"Right arm Offbreak, Legbreak Googly",Bowling Allrounder,7.0,9.0,2.0,1.0,1.0,0.0,9.0,7.0,77.8,57.1,4.0,4.0,8.4575,54.0,3.0,18.0,78.0,26.0,14.0,25.9,0.0,4.5
Gareth Delany,Ireland,Right hand Bat,Legbreak Googly,Batting Allrounder,69.0,54.0,5.0,4.0,7.0,1.0,7.0,17.2,127.8,49.3,11.0,7.0,8.20142857142857,141.0,6.0,23.5,185.0,30.8,53.0,37.6,0.0,10.8
Richard Ngarava,Zimbabwe,Left hand Bat,Left arm Fast medium,Bowler,21.0,20.0,5.0,4.0,0.0,2.0,9.0,5.2,105.0,57.1,4.0,8.0,7.9575,168.0,9.0,18.7,197.0,21.9,89.0,53.0,1.0,4.0
Tendai Chatara,Zimbabwe,Right hand Bat,Right arm Fast medium,Bowler,13.0,19.0,3.0,2.0,1.0,0.0,10.0,6.5,68.4,30.8,6.0,7.0,8.475714285714286,138.0,4.0,34.5,155.0,38.8,58.0,42.0,1.0,6.3
Blessing Muzarabani,Zimbabwe,Right hand Bat,Right arm Fast medium,Bowler,2.0,12.0,4.0,1.0,0.0,0.0,11.0,2.0,16.7,0.0,3.0,7.0,7.571428571428571,156.0,12.0,13.0,199.0,16.6,71.0,45.5,0.0,3.0
Luke Jongwe,Zimbabwe,Right hand Bat,Right arm Fast medium,Bowler,55.0,41.0,4.0,3.0,6.0,1.0,8.0,18.3,134.1,54.5,10.0,3.0,11.5,30.0,2.0,15.0,59.0,29.5,6.0,20.0,0.0,10.2
Sean Williams,Zimbabwe,Left hand Bat,Slow Left arm Orthodox,Middle order Batter,155.0,137.0,8.0,8.0,14.0,2.0,4.0,19.4,113.1,43.9,17.0,7.0,6.0928571428571425,108.0,5.0,21.6,111.0,22.2,33.0,30.6,0.0,17.1
Sikandar Raza,Zimbabwe,Right hand Bat,Right arm Offbreak,Batting Allrounder,219.0,148.0,8.0,8.0,16.0,11.0,5.0,27.4,148.0,59.4,18.0,8.0,6.885,144.0,10.0,14.4,156.0,15.6,46.0,31.9,0.0,18.5
Regis Chakabva,Zimbabwe,Right hand Bat,Right arm Offbreak,Wicketkeeper Batter,45.0,64.0,8.0,8.0,5.0,1.0,3.0,5.6,70.3,57.8,8.0,,,,,,,,,,,8.0
Craig Ervine,Zimbabwe,Left hand Bat,Right arm Offbreak,Middle order Batter,112.0,125.0,7.0,7.0,13.0,0.0,2.0,16.0,89.6,46.4,18.0,,,,,,,,,,,17.9
Wessly Madhevere,Zimbabwe,Right hand Bat,Right arm Offbreak,Allrounder,106.0,83.0,8.0,7.0,15.0,2.0,2.0,15.1,127.7,67.9,10.0,2.0,8.0,18.0,0.0,inf,25.0,inf,1.0,5.6,0.0,10.4
Milton Shumba,Zimbabwe,Left hand Bat,Slow Left arm Orthodox,Top order Batter,65.0,82.0,7.0,6.0,5.0,0.0,5.0,10.8,79.3,30.8,12.0,,,,,,,,,,,11.7
Ryan Burl,Zimbabwe,Left hand Bat,Legbreak,Middle order Batter,101.0,97.0,7.0,4.0,11.0,2.0,7.0,25.2,104.1,55.4,14.0,3.0,10.0,30.0,0.0,inf,48.0,inf,6.0,20.0,0.0,13.9
Paul Stirling,Ireland,Right hand Bat,Right arm Offbreak,Batting Allrounder,170.0,127.0,7.0,6.0,16.0,6.0,1.0,28.3,133.9,58.8,18.0,,,,,,,,,,,18.1
Andy Balbirnie,Ireland,Right hand Bat,Right arm Offbreak,Batter,153.0,123.0,7.0,7.0,10.0,9.0,2.0,21.9,124.4,61.4,18.0,,,,,,,,,,,17.6
Lorcan Tucker,Ireland,Right hand Bat,,Wicketkeeper Batter,204.0,163.0,7.0,5.0,19.0,4.0,3.0,40.8,125.2,49.0,23.0,,,,,,,,,,,23.3
Harry Tector,Ireland,Right hand Bat,Right arm Offbreak,Middle order Batter,68.0,75.0,6.0,6.0,4.0,1.0,4.0,11.3,90.7,32.4,12.0,,,,,,,,,,,12.5
George Dockrell,Ireland,Right hand Bat,Slow Left arm Orthodox,Allrounder,100.0,83.0,6.0,5.0,10.0,1.0,6.0,20.0,120.5,46.0,14.0,4.0,7.25,48.0,1.0,48.0,56.0,56.0,15.0,31.2,0.0,13.8
Timm van der Gugten,Netherlands,Right hand Bat,Right arm Fast medium,Bowler,0.0,1.0,1.0,1.0,0.0,0.0,8.0,0.0,0.0,,1.0,2.0,9.995000000000001,36.0,1.0,36.0,60.0,60.0,7.0,19.4,0.0,1.0
Aryan Lakra,United Arab Emirates,Left hand Bat,Slow Left arm Orthodox,Bowler,1.0,3.0,1.0,1.0,0.0,0.0,3.0,1.0,33.3,0.0,3.0,1.0,8.0,18.0,1.0,18.0,24.0,24.0,5.0,27.8,0.0,3.0
Charith Asalanka,Sri Lanka,Left hand Bat,Right arm Offbreak,Batting Allrounder,131.0,113.0,7.0,5.0,9.0,2.0,4.0,26.2,115.9,36.6,16.0,1.0,8.0,6.0,0.0,inf,8.0,inf,1.0,16.7,0.0,16.1
Johnson Charles,West Indies,Right hand Bat,,Wicketkeeper Batter,69.0,54.0,2.0,2.0,6.0,3.0,2.0,34.5,127.8,60.9,27.0,,,,,,,,,,,27.0
Tony Munyonga,Zimbabwe,Right hand Bat,Right arm Offbreak,Allrounder,7.0,10.0,2.0,2.0,1.0,0.0,4.0,3.5,70.0,57.1,5.0,,,,,,,,,,,5.0
Lahiru Kumara,Sri Lanka,Left hand Bat,Right arm Fast,Bowler,4.0,5.0,1.0,1.0,1.0,0.0,11.0,4.0,80.0,100.0,5.0,6.0,7.608333333333333,121.0,7.0,17.3,153.0,21.9,60.0,49.6,0.0,5.0
Binura Fernando,Sri Lanka,Right hand Bat,Left arm Medium fast,Bowler,,,,,,,,,,,,3.0,7.0,53.0,2.0,26.5,65.0,32.5,23.0,43.4,0.0,
Ruben Trumpelmann,Namibia,Right hand Bat,Left arm Fast,Bowler,25.0,24.0,1.0,0.0,1.0,1.0,9.0,inf,104.2,40.0,24.0,1.0,5.5,24.0,0.0,inf,22.0,inf,10.0,41.7,0.0,24.0
Ahmed Raza,United Arab Emirates,Right hand Bat,Slow Left arm Orthodox,Bowler,,,,,,,,,,,,1.0,9.0,6.0,0.0,inf,9.0,inf,1.0,16.7,0.0,
Alishan Sharafu,United Arab Emirates,Right hand Bat,Right arm Medium,Opening Batter,4.0,4.0,1.0,1.0,0.0,0.0,4.0,4.0,100.0,0.0,4.0,,,,,,,,,,,4.0
Zane Green,Namibia,Left hand Bat,,Wicketkeeper Batter,2.0,3.0,1.0,1.0,0.0,0.0,8.0,2.0,66.7,0.0,3.0,,,,,,,,,,,3.0
Mitchell Starc,Australia,Left hand Bat,Left arm Fast,Bowler,4.0,7.0,1.0,1.0,0.0,0.0,9.0,4.0,57.1,0.0,7.0,3.0,8.5,72.0,3.0,24.0,102.0,34.0,29.0,40.3,1.0,7.0
Josh Hazlewood,Australia,Left hand Bat,Right arm Fast medium,Bowler,1.0,1.0,1.0,0.0,0.0,0.0,11.0,inf,100.0,0.0,1.0,4.0,8.25,90.0,5.0,18.0,124.0,24.8,42.0,46.7,0.0,1.0
Pat Cummins,Australia,Right hand Bat,Right arm Fast,Bowler,21.0,20.0,2.0,2.0,2.0,1.0,8.0,10.5,105.0,66.7,10.0,4.0,8.25,96.0,3.0,32.0,132.0,44.0,46.0,47.9,0.0,10.0
Marcus Stoinis,Australia,Right hand Bat,Right arm Medium,Batting Allrounder,126.0,78.0,4.0,3.0,7.0,9.0,5.0,42.0,161.5,65.1,20.0,4.0,9.25,54.0,1.0,54.0,87.0,87.0,8.0,14.8,0.0,19.5
Adam Zampa,Australia,Right hand Bat,Legbreak Googly,Bowler,1.0,3.0,2.0,1.0,0.0,0.0,10.0,1.0,33.3,0.0,2.0,3.0,6.666666666666667,72.0,5.0,14.4,80.0,16.0,24.0,33.3,0.0,1.5
Trent Boult,New Zealand,Right hand Bat,Left arm Fast medium,Bowler,,,,,,,,,,,,5.0,7.4,120.0,8.0,15.0,148.0,18.5,56.0,46.7,0.0,
Tim Southee,New Zealand,Right hand Bat,Right arm Medium fast,Bowler,5.0,3.0,2.0,0.0,1.0,0.0,8.0,inf,166.7,80.0,2.0,5.0,6.266,104.0,7.0,14.9,114.0,16.3,52.0,50.0,1.0,1.5
Mitchell Santner,New Zealand,Left hand Bat,Slow Left arm Orthodox,Bowling Allrounder,27.0,16.0,3.0,1.0,0.0,2.0,7.0,27.0,168.8,44.4,5.0,5.0,6.45,120.0,9.0,13.3,129.0,14.3,49.0,40.8,0.0,5.3
Lockie Ferguson,New Zealand,Right hand Bat,Right arm Fast,Bowler,,,,,,,,,,,,5.0,8.282,114.0,7.0,16.3,159.0,22.7,43.0,37.7,0.0,
Ish Sodhi,New Zealand,Right hand Bat,Legbreak,Bowler,7.0,7.0,2.0,1.0,0.0,0.0,8.0,7.0,100.0,0.0,4.0,5.0,6.709999999999999,116.0,6.0,19.3,130.0,21.7,43.0,37.1,0.0,3.5
Finn Allen,New Zealand,Right hand Bat,,Top order Batter,95.0,51.0,5.0,5.0,11.0,5.0,1.0,19.0,186.3,77.9,10.0,,,,,,,,,,,10.2
Devon Conway,New Zealand,Left hand Bat,Right arm Medium,Wicketkeeper Batter,145.0,124.0,5.0,4.0,12.0,2.0,2.0,36.2,116.9,41.4,25.0,,,,,,,,,,,24.8
Kane Williamson,New Zealand,Right hand Bat,Right arm Offbreak,Top order Batter,178.0,153.0,5.0,5.0,11.0,5.0,3.0,35.6,116.3,41.6,31.0,,,,,,,,,,,30.6
Glenn Phillips,New Zealand,Right hand Bat,Right arm Offbreak,Wicketkeeper Batter,201.0,127.0,5.0,5.0,19.0,8.0,4.0,40.2,158.3,61.7,25.0,,,,,,,,,,,25.4
James Neesham,New Zealand,Left hand Bat,Right arm Medium fast,Batting Allrounder,53.0,37.0,5.0,3.0,2.0,2.0,6.0,17.7,143.2,37.7,7.0,,,,,,,,,,,7.4
David Warner,Australia,Left hand Bat,Legbreak,Opening Batter,44.0,41.0,4.0,4.0,6.0,0.0,1.0,11.0,107.3,54.5,10.0,,,,,,,,,,,10.2
Aaron Finch,Australia,Right hand Bat,Slow Left arm Orthodox,Top order Batter,107.0,97.0,3.0,2.0,6.0,5.0,2.0,53.5,110.3,50.5,32.0,,,,,,,,,,,32.3
Mitchell Marsh,Australia,Right hand Bat,Right arm Medium,Allrounder,106.0,81.0,4.0,4.0,8.0,6.0,3.0,26.5,130.9,64.2,20.0,1.0,14.0,6.0,0.0,inf,14.0,inf,1.0,16.7,0.0,20.2
Glenn Maxwell,Australia,Right hand Bat,Right arm Offbreak,Batting Allrounder,118.0,73.0,4.0,3.0,11.0,6.0,4.0,39.3,161.6,67.8,18.0,2.0,5.73,19.0,3.0,6.3,19.0,6.3,8.0,42.1,0.0,18.2
Tim David,Australia,Right hand Bat,Right arm Offbreak,Middle order Batter,26.0,18.0,2.0,1.0,2.0,1.0,6.0,26.0,144.4,53.8,9.0,,,,,,,,,,,9.0
Matthew Wade,Australia,Left hand Bat,Right arm Medium,Wicketkeeper Batter,15.0,15.0,3.0,2.0,2.0,0.0,7.0,7.5,100.0,53.3,5.0,,,,,,,,,,,5.0
Ben Stokes,England,Left hand Bat,Right arm Fast medium,Allrounder,110.0,104.0,5.0,3.0,7.0,1.0,4.0,36.7,105.8,30.9,21.0,6.0,7.195,98.0,6.0,16.3,111.0,18.5,42.0,42.9,0.0,20.8
Chris Woakes,England,Right hand Bat,Right arm Fast medium,Allrounder,5.0,3.0,1.0,0.0,1.0,0.0,8.0,inf,166.7,80.0,3.0,6.0,8.761666666666667,120.0,5.0,24.0,172.0,34.4,45.0,37.5,0.0,3.0
Mark Wood,England,Right hand Bat,Right arm Fast,Bowler,,,,,,,,,,,,4.0,7.8100000000000005,84.0,9.0,9.3,108.0,12.0,43.0,51.2,0.0,
Sam Curran,England,Left hand Bat,Left arm Medium fast,Allrounder,12.0,14.0,2.0,1.0,0.0,1.0,7.0,12.0,85.7,50.0,7.0,6.0,6.633333333333333,136.0,13.0,10.5,148.0,11.4,66.0,48.5,0.0,7.0
Adil Rashid,England,Right hand Bat,Legbreak,Bowler,,,,,,,,,,,,6.0,6.125,144.0,4.0,36.0,147.0,36.8,45.0,31.2,1.0,
Fazalhaq Farooqi,Afghanistan,Right hand Bat,Left arm Fast medium,Bowler,0.0,2.0,1.0,1.0,0.0,0.0,11.0,0.0,0.0,,2.0,3.0,6.510000000000001,69.0,3.0,23.0,75.0,25.0,39.0,56.5,1.0,2.0
Azmatullah Omarzai,Afghanistan,Right hand Bat,Right arm Medium fast,Allrounder,11.0,10.0,2.0,1.0,1.0,0.0,8.0,11.0,110.0,36.4,5.0,2.0,8.96,19.0,0.0,inf,28.0,inf,4.0,21.1,0.0,5.0
Mujeeb Ur Rahman,Afghanistan,Right hand Bat,Right arm Offbreak,Bowler,1.0,3.0,2.0,2.0,0.0,0.0,9.0,0.5,33.3,0.0,2.0,3.0,7.333333333333333,72.0,4.0,18.0,88.0,22.0,27.0,37.5,0.0,1.5
Rashid Khan,Afghanistan,Right hand Bat,Legbreak Googly,Bowling Allrounder,57.0,32.0,3.0,2.0,4.0,4.0,8.0,28.5,178.1,70.2,11.0,3.0,6.416666666666667,72.0,4.0,18.0,77.0,19.2,29.0,40.3,0.0,10.7
Fareed Ahmad,Afghanistan,Left hand Bat,Left arm Fast medium,Bowler,2.0,4.0,1.0,0.0,0.0,0.0,10.0,inf,50.0,0.0,4.0,2.0,12.0,24.0,1.0,24.0,48.0,48.0,5.0,20.8,0.0,4.0
Mohammad Nabi,Afghanistan,Right hand Bat,Right arm Offbreak,Allrounder,17.0,15.0,3.0,3.0,1.0,0.0,6.0,5.7,113.3,23.5,5.0,3.0,9.11,36.0,1.0,36.0,46.0,46.0,9.0,25.0,0.0,5.0
Hazratullah Zazai,Afghanistan,Left hand Bat,Slow Left arm Orthodox,Opening Batter,7.0,17.0,1.0,1.0,1.0,0.0,1.0,7.0,41.2,57.1,17.0,,,,,,,,,,,17.0
Rahmanullah Gurbaz,Afghanistan,Right hand Bat,,Wicketkeeper Batter,68.0,50.0,3.0,3.0,4.0,5.0,1.0,22.7,136.0,67.6,17.0,,,,,,,,,,,16.7
Ibrahim Zadran,Afghanistan,Right hand Bat,Right arm Medium fast,Opening Batter,80.0,83.0,3.0,3.0,6.0,2.0,3.0,26.7,96.4,45.0,28.0,,,,,,,,,,,27.7
Usman Ghani,Afghanistan,Right hand Bat,,Opening Batter,59.0,64.0,3.0,3.0,5.0,1.0,3.0,19.7,92.2,44.1,21.0,,,,,,,,,,,21.3
Najibullah Zadran,Afghanistan,Left hand Bat,Right arm Offbreak,Middle order Batter,31.0,29.0,3.0,3.0,1.0,1.0,5.0,10.3,106.9,32.3,10.0,,,,,,,,,,,9.7
Jos Buttler,England,Right hand Bat,,Wicketkeeper Batter,225.0,156.0,6.0,5.0,24.0,7.0,1.0,45.0,144.2,61.3,26.0,,,,,,,,,,,26.0
Alex Hales,England,Right hand Bat,Right arm Medium,Opening Batter,212.0,144.0,6.0,5.0,19.0,10.0,2.0,42.4,147.2,64.2,24.0,,,,,,,,,,,24.0
Dawid Malan,England,Left hand Bat,Legbreak,Top order Batter,56.0,68.0,3.0,2.0,2.0,0.0,5.0,28.0,82.4,14.3,23.0,,,,,,,,,,,22.7
Liam Livingstone,England,Right hand Bat,"Right arm Offbreak, Legbreak",Batting Allrounder,55.0,44.0,5.0,2.0,4.0,1.0,6.0,27.5,125.0,40.0,9.0,5.0,9.064,72.0,3.0,24.0,96.0,32.0,19.0,26.4,0.0,8.8
Harry Brook,England,Right hand Bat,Right arm Medium,Batter,56.0,58.0,5.0,5.0,2.0,1.0,5.0,11.2,96.6,25.0,12.0,,,,,,,,,,,11.6
Moeen Ali,England,Left hand Bat,Right arm Offbreak,Batting Allrounder,57.0,46.0,5.0,3.0,6.0,1.0,6.0,19.0,123.9,52.6,9.0,2.0,4.5,12.0,0.0,inf,9.0,inf,4.0,33.3,0.0,9.2
Bhuvneshwar Kumar,India,Right hand Bat,Right arm Medium,Bowler,4.0,6.0,1.0,0.0,0.0,0.0,9.0,inf,66.7,0.0,6.0,6.0,6.563333333333333,112.0,4.0,28.0,115.0,28.8,69.0,61.6,3.0,6.0
Arshdeep Singh,India,Left hand Bat,Left arm Medium fast,Bowler,2.0,1.0,1.0,0.0,0.0,0.0,11.0,inf,200.0,0.0,1.0,6.0,7.5,120.0,10.0,12.0,156.0,15.6,55.0,45.8,0.0,1.0
Mohammed Shami,India,Right hand Bat,Right arm Fast,Bowler,0.0,2.0,1.0,1.0,0.0,0.0,10.0,0.0,0.0,,2.0,6.0,7.43,120.0,6.0,20.0,143.0,23.8,60.0,50.0,0.0,2.0
Hardik Pandya,India,Right hand Bat,Right arm Medium fast,Allrounder,128.0,97.0,5.0,5.0,7.0,7.0,6.0,25.6,132.0,54.7,19.0,6.0,8.290000000000001,108.0,8.0,13.5,146.0,18.2,42.0,38.9,0.0,19.4
Ravichandran Ashwin,India,Right hand Bat,Right arm Offbreak,Bowling Allrounder,21.0,18.0,3.0,1.0,1.0,1.0,8.0,21.0,116.7,47.6,4.0,6.0,8.693333333333333,114.0,6.0,19.0,155.0,25.8,41.0,36.0,0.0,6.0
Axar Patel,India,Left hand Bat,Slow Left arm Orthodox,Bowling Allrounder,9.0,9.0,2.0,2.0,1.0,0.0,6.0,4.5,100.0,44.4,3.0,5.0,10.2,80.0,3.0,26.7,115.0,38.3,29.0,36.2,0.0,4.5
Shaheen Shah Afridi,Pakistan,Left hand Bat,Left arm Fast,Bowler,22.0,12.0,3.0,2.0,2.0,1.0,9.0,11.0,183.3,63.6,4.0,7.0,6.094285714285713,151.0,11.0,13.7,155.0,14.1,70.0,46.4,0.0,4.0
Naseem Shah,Pakistan,Right hand Bat,Right arm Fast,Bowler,5.0,3.0,1.0,0.0,0.0,0.0,9.0,inf,166.7,0.0,3.0,7.0,6.1899999999999995,156.0,3.0,52.0,162.0,54.0,74.0,47.4,0.0,3.0
Haris Rauf,Pakistan,Right hand Bat,Right arm Fast,Bowler,10.0,7.0,3.0,1.0,0.0,1.0,10.0,10.0,142.9,60.0,2.0,7.0,6.998571428571429,156.0,8.0,19.5,178.0,22.2,69.0,44.2,1.0,2.3
Shadab Khan,Pakistan,Right hand Bat,Legbreak,Allrounder,98.0,58.0,5.0,4.0,7.0,5.0,6.0,24.5,169.0,59.2,10.0,7.0,6.464285714285714,156.0,11.0,14.2,165.0,15.0,59.0,37.8,0.0,11.6
Mohammad Nawaz,Pakistan,Left hand Bat,Slow Left arm Orthodox,Allrounder,68.0,64.0,5.0,5.0,7.0,2.0,6.0,13.6,106.2,58.8,13.0,4.0,6.0,54.0,3.0,18.0,67.0,22.3,17.0,31.5,0.0,12.8
Mohammad Rizwan,Pakistan,Right hand Bat,,Wicketkeeper Batter,175.0,160.0,7.0,7.0,15.0,3.0,1.0,25.0,109.4,44.6,23.0,,,,,,,,,,,22.9
Babar Azam,Pakistan,Right hand Bat,Right arm Offbreak,Batter,124.0,133.0,7.0,7.0,13.0,0.0,2.0,17.7,93.2,41.9,19.0,,,,,,,,,,,19.0
Shan Masood,Pakistan,Left hand Bat,Right arm Medium fast,Opening Batter,175.0,148.0,7.0,4.0,12.0,1.0,4.0,43.8,118.2,30.9,21.0,,,,,,,,,,,21.1
Iftikhar Ahmed,Pakistan,Right hand Bat,Right arm Offbreak,Middle order Batter,114.0,93.0,6.0,5.0,6.0,6.0,5.0,22.8,122.6,52.6,13.0,2.0,10.3,23.0,1.0,23.0,28.0,28.0,9.0,39.1,0.0,15.5
Haider Ali,Pakistan,Right hand Bat,,Middle order Batter,2.0,5.0,2.0,2.0,0.0,0.0,6.0,1.0,40.0,0.0,2.0,,,,,,,,,,,2.5
Asif Ali,Pakistan,Right hand Bat,Right arm Offbreak,Middle order Batter,2.0,3.0,1.0,1.0,0.0,0.0,8.0,2.0,66.7,0.0,3.0,,,,,,,,,,,3.0
KL Rahul,India,Right hand Bat,,Wicketkeeper Batter,128.0,106.0,6.0,6.0,8.0,8.0,1.0,21.3,120.8,62.5,18.0,,,,,,,,,,,17.7
Rohit Sharma,India,Right hand Bat,Right arm Offbreak,Top order Batter,116.0,109.0,6.0,6.0,11.0,4.0,2.0,19.3,106.4,58.6,18.0,,,,,,,,,,,18.2
Virat Kohli,India,Right hand Bat,Right arm Medium,Top order Batter,296.0,217.0,6.0,3.0,25.0,8.0,3.0,98.7,136.4,50.0,36.0,,,,,,,,,,,36.2
Suryakumar Yadav,India,Right hand Bat,"Right arm Medium, Right arm Offbreak",Batter,239.0,126.0,6.0,4.0,26.0,9.0,4.0,59.8,189.7,66.1,21.0,,,,,,,,,,,21.0
Dinesh Karthik,India,Right hand Bat,Right arm Offbreak,Wicketkeeper Batter,14.0,22.0,3.0,3.0,1.0,0.0,7.0,4.7,63.6,28.6,7.0,,,,,,,,,,,7.3
Shariz Ahmad,Netherlands,Left hand Bat,Legbreak Googly,Bowler,25.0,19.0,2.0,1.0,3.0,0.0,9.0,25.0,131.6,48.0,10.0,2.0,7.0,24.0,1.0,24.0,32.0,32.0,7.0,29.2,0.0,9.5
Taskin Ahmed,Bangladesh,Left hand Bat,Right arm Fast,Bowler,23.0,30.0,4.0,3.0,2.0,1.0,8.0,7.7,76.7,60.9,8.0,5.0,7.748,108.0,8.0,13.5,131.0,16.4,64.0,59.3,1.0,7.5
Hasan Mahmud,Bangladesh,Right hand Bat,Right arm Fast medium,Bowler,0.0,5.0,2.0,1.0,0.0,0.0,10.0,0.0,0.0,,2.0,4.0,8.375,96.0,6.0,16.0,134.0,22.3,42.0,43.8,1.0,2.5
Shakib Al Hasan,Bangladesh,Left hand Bat,Slow Left arm Orthodox,Allrounder,44.0,46.0,5.0,5.0,3.0,0.0,4.0,8.8,95.7,27.3,9.0,5.0,8.9,114.0,6.0,19.0,167.0,27.8,27.0,23.7,0.0,9.2
Mustafizur Rahman,Bangladesh,Left hand Bat,Left arm Fast medium,Bowler,9.0,4.0,2.0,0.0,0.0,1.0,10.0,inf,225.0,66.7,2.0,5.0,5.6,120.0,3.0,40.0,112.0,37.3,49.0,40.8,0.0,2.0
Soumya Sarkar,Bangladesh,Left hand Bat,Right arm Medium fast,Middle order Batter,49.0,39.0,4.0,4.0,3.0,3.0,2.0,12.2,125.6,61.2,10.0,1.0,9.66,18.0,1.0,18.0,29.0,29.0,5.0,27.8,0.0,9.8
Mosaddek Hossain,Bangladesh,Right hand Bat,Right arm Offbreak,Middle order Batter,38.0,39.0,5.0,4.0,2.0,2.0,7.0,9.5,97.4,52.6,8.0,3.0,10.166666666666666,42.0,2.0,21.0,64.0,32.0,16.0,38.1,0.0,7.8
Najmul Hossain Shanto,Bangladesh,Left hand Bat,Right arm Offbreak,Top order Batter,180.0,157.0,5.0,5.0,20.0,2.0,1.0,36.0,114.6,51.1,31.0,,,,,,,,,,,31.4
Litton Das,Bangladesh,Right hand Bat,Right arm Offbreak,Wicketkeeper Batter,127.0,89.0,5.0,5.0,11.0,5.0,3.0,25.4,142.7,58.3,18.0,,,,,,,,,,,17.8
Afif Hossain,Bangladesh,Left hand Bat,Right arm Offbreak,Allrounder,95.0,76.0,5.0,4.0,6.0,3.0,5.0,23.8,125.0,44.2,15.0,1.0,11.0,6.0,1.0,6.0,11.0,11.0,1.0,16.7,0.0,15.2
Yasir Ali,Bangladesh,Right hand Bat,Right arm Offbreak,Middle order Batter,5.0,9.0,3.0,2.0,0.0,0.0,6.0,2.5,55.6,0.0,3.0,,,,,,,,,,,3.0
Nurul Hasan,Bangladesh,Right hand Bat,,Wicketkeeper Batter,41.0,42.0,5.0,4.0,2.0,1.0,7.0,10.2,97.6,34.1,8.0,,,,,,,,,,,8.4
Kagiso Rabada,South Africa,Left hand Bat,Right arm Fast,Bowler,10.0,10.0,2.0,1.0,0.0,0.0,8.0,10.0,100.0,0.0,5.0,5.0,9.565999999999999,96.0,2.0,48.0,151.0,75.5,38.0,39.6,0.0,5.0
Wayne Parnell,South Africa,Left hand Bat,Left arm Medium fast,Bowler,5.0,13.0,4.0,2.0,0.0,0.0,7.0,2.5,38.5,0.0,3.0,5.0,6.3,96.0,5.0,19.2,102.0,20.4,48.0,50.0,1.0,3.2
Lungi Ngidi,South Africa,Right hand Bat,Right arm Fast medium,Bowler,4.0,1.0,1.0,0.0,1.0,0.0,10.0,inf,400.0,100.0,1.0,4.0,9.2275,78.0,7.0,11.1,116.0,16.6,30.0,38.5,0.0,1.0
Keshav Maharaj,South Africa,Right hand Bat,Slow Left arm Orthodox,Bowler,13.0,12.0,1.0,1.0,0.0,1.0,8.0,13.0,108.3,46.2,12.0,4.0,8.02,72.0,3.0,24.0,89.0,29.7,24.0,33.3,0.0,12.0
Anrich Nortje,South Africa,Right hand Bat,Right arm Fast,Bowler,5.0,6.0,2.0,1.0,1.0,0.0,10.0,5.0,83.3,80.0,3.0,5.0,5.2700000000000005,105.0,11.0,9.5,94.0,8.5,58.0,55.2,0.0,3.0
Quinton de Kock,South Africa,Left hand Bat,,Wicketkeeper Batter,124.0,77.0,5.0,4.0,16.0,5.0,1.0,31.0,161.0,75.8,15.0,,,,,,,,,,,15.4
Temba Bavuma,South Africa,Right hand Bat,Right arm Medium,Middle order Batter,70.0,62.0,5.0,4.0,6.0,2.0,2.0,17.5,112.9,51.4,12.0,,,,,,,,,,,12.4
Ashton Agar,Australia,Left hand Bat,Slow Left arm Orthodox,Bowler,,,,,,,,,,,,1.0,6.25,24.0,1.0,24.0,25.0,25.0,8.0,33.3,0.0,
Fionn Hand,Ireland,Right hand Bat,Right arm Medium,Bowling Allrounder,12.0,11.0,3.0,3.0,2.0,0.0,9.0,4.0,109.1,66.7,4.0,3.0,11.5,30.0,1.0,30.0,54.0,54.0,10.0,33.3,0.0,3.7
Mehidy Hasan Miraz,Bangladesh,Right hand Bat,Right arm Offbreak,Allrounder,11.0,13.0,1.0,1.0,0.0,0.0,6.0,11.0,84.6,0.0,13.0,1.0,10.66,18.0,0.0,inf,32.0,inf,4.0,22.2,0.0,13.0
Tabraiz Shamsi,South Africa,Right hand Bat,Left arm Wrist spin,Bowler,1.0,1.0,1.0,0.0,0.0,0.0,11.0,inf,100.0,0.0,1.0,2.0,7.0,48.0,4.0,12.0,56.0,14.0,20.0,41.7,0.0,1.0
Rilee Rossouw,South Africa,Left hand Bat,Right arm Offbreak,Top order Batter,141.0,83.0,4.0,4.0,9.0,9.0,3.0,35.2,169.9,63.8,21.0,,,,,,,,,,,20.8
Tristan Stubbs,South Africa,Right hand Bat,Right arm Offbreak,Wicketkeeper Batter,31.0,31.0,3.0,3.0,2.0,1.0,5.0,10.3,100.0,45.2,10.0,,,,,,,,,,,10.3
Aiden Markram,South Africa,Right hand Bat,Right arm Offbreak,Opening Batter,99.0,79.0,4.0,4.0,13.0,1.0,4.0,24.8,125.3,58.6,20.0,2.0,6.5,18.0,1.0,18.0,21.0,21.0,4.0,22.2,0.0,19.8
David Miller,South Africa,Left hand Bat,Right arm Offbreak,Middle order Batter,78.0,67.0,3.0,1.0,5.0,3.0,5.0,78.0,116.4,48.7,22.0,,,,,,,,,,,22.3
Mohammad Wasim,Pakistan,Right hand Bat,Right arm Fast medium,Allrounder,16.0,22.0,3.0,2.0,2.0,0.0,8.0,8.0,72.7,50.0,7.0,6.0,7.333333333333333,102.0,8.0,12.8,124.0,15.5,42.0,41.2,0.0,7.3
Brad Evans,Zimbabwe,Right hand Bat,Right arm Fast,Allrounder,21.0,17.0,2.0,2.0,0.0,1.0,8.0,10.5,123.5,28.6,8.0,2.0,8.455,42.0,2.0,21.0,57.0,28.5,14.0,33.3,0.0,8.5
Kasun Rajitha,Sri Lanka,Right hand Bat,Right arm Medium fast,Bowler,8.0,21.0,1.0,0.0,0.0,0.0,10.0,inf,38.1,0.0,21.0,3.0,8.943333333333333,66.0,3.0,22.0,94.0,31.3,31.0,47.0,0.0,21.0
Daryl Mitchell,New Zealand,Right hand Bat,Right arm Medium,Allrounder,109.0,85.0,4.0,2.0,5.0,1.0,5.0,54.5,128.2,23.9,21.0,,,,,,,,,,,21.2
Brandon Glover,Netherlands,Right hand Bat,Right arm Fast,Bowler,,,,,,,,,,,,3.0,6.503333333333333,53.0,7.0,7.6,60.0,8.6,29.0,54.7,1.0,
Stephan Myburgh,Netherlands,Left hand Bat,Right arm Offbreak,Opening Batter,51.0,48.0,3.0,3.0,8.0,1.0,1.0,17.0,106.2,74.5,16.0,,,,,,,,,,,16.0
Fakhar Zaman,Pakistan,Left hand Bat,Slow Left arm Orthodox,Opening Batter,20.0,16.0,1.0,1.0,3.0,0.0,3.0,20.0,125.0,60.0,16.0,,,,,,,,,,,16.0
Deepak Hooda,India,Right hand Bat,Right arm Offbreak,Allrounder,0.0,3.0,1.0,1.0,0.0,0.0,5.0,0.0,0.0,,3.0,,,,,,,,,,,3.0
Gulbadin Naib,Afghanistan,Right hand Bat,Right arm Medium fast,Batting Allrounder,51.0,37.0,2.0,2.0,3.0,2.0,4.0,25.5,137.8,47.1,18.0,2.0,11.165,24.0,0.0,inf,43.0,inf,7.0,29.2,0.0,18.5
Shoriful Islam,Bangladesh,Left hand Bat,Left arm Medium fast,Bowler,,,,,,,,,,,,1.0,14.25,24.0,0.0,inf,57.0,inf,7.0,29.2,0.0,
Mohammad Haris,Pakistan,Right hand Bat,Right arm Offbreak,Middle order Batter,97.0,67.0,4.0,4.0,6.0,6.0,3.0,24.2,144.8,61.9,17.0,,,,,,,,,,,16.8
Heinrich Klaasen,South Africa,Right hand Bat,Right arm Offbreak,Wicketkeeper Batter,36.0,27.0,2.0,2.0,3.0,1.0,6.0,18.0,133.3,50.0,14.0,,,,,,,,,,,13.5
Naveen-ul-Haq,Afghanistan,Right hand Bat,Right arm Medium fast,Bowler,0.0,0.0,,0.0,0.0,0.0,9.0,,,,0.0,1.0,5.25,24.0,3.0,8.0,21.0,7.0,11.0,45.8,0.0,
Kane Richardson,Australia,Right hand Bat,Right arm Fast medium,Bowler,1.0,1.0,1.0,1.0,0.0,0.0,9.0,1.0,100.0,0.0,1.0,1.0,12.0,24.0,1.0,24.0,48.0,48.0,4.0,16.7,0.0,1.0
Cameron Green,Australia,Right hand Bat,Right arm Fast medium,Batting Allrounder,3.0,2.0,1.0,1.0,0.0,0.0,2.0,3.0,150.0,0.0,2.0,1.0,6.5,12.0,0.0,inf,13.0,inf,7.0,58.3,0.0,2.0
Steven Smith,Australia,Right hand Bat,Legbreak Googly,Middle order Batter,4.0,4.0,1.0,1.0,1.0,0.0,4.0,4.0,100.0,100.0,4.0,,,,,,,,,,,4.0
Darwish Rasooli,Afghanistan,Right hand Bat,Right arm Offbreak,Top order Batter,15.0,13.0,1.0,1.0,1.0,0.0,7.0,15.0,115.4,26.7,13.0,,,,,,,,,,,13.0
Nasum Ahmed,Bangladesh,Left hand Bat,Slow Left arm Orthodox,Bowler,7.0,6.0,1.0,1.0,1.0,0.0,9.0,7.0,116.7,57.1,6.0,1.0,3.5,24.0,1.0,24.0,14.0,14.0,13.0,54.2,0.0,6.0
Ebadot Hossain,Bangladesh,Right hand Bat,Right arm Fast medium,Bowler,,,,,,,,,,,,1.0,7.89,19.0,1.0,19.0,25.0,25.0,7.0,36.8,0.0,
Wellington Masakadza,Zimbabwe,Left hand Bat,Slow Left arm Orthodox,Bowler,1.0,7.0,1.0,1.0,0.0,0.0,8.0,1.0,14.3,0.0,7.0,1.0,6.0,12.0,0.0,inf,12.0,inf,5.0,41.7,0.0,7.0
Rishabh Pant,India,Left hand Bat,,Wicketkeeper Batter,9.0,9.0,2.0,2.0,1.0,0.0,6.0,4.5,100.0,44.4,4.0,,,,,,,,,,,4.5
Chris Jordan,England,Right hand Bat,Right arm Fast medium,Bowler,,,,,,,,,,,,2.0,8.75,48.0,5.0,9.6,70.0,14.0,17.0,35.4,0.0,
Phil Salt,England,Right hand Bat,Right arm Offbreak,Wicketkeeper Batter,10.0,9.0,1.0,1.0,2.0,0.0,3.0,10.0,111.1,80.0,9.0,,,,,,,,,,,9.0
